{
  "PC": [],
  "LC": [],
  "addedPC": [],
  "addedLC": [],
  "shapes": [
    {
      "PC": {
        "pointsArray": [
          {
            "x": 230,
            "y": 170.33333206176758,
            "type": null,
            "payload": [
              0,
              [
                9,
                0
              ],
              18
            ]
          },
          {
            "x": 140,
            "y": 437.3333320617676,
            "type": null,
            "payload": [
              0,
              [
                0,
                1
              ],
              20
            ]
          },
          {
            "x": 245,
            "y": 655.3333320617676,
            "type": null,
            "payload": [
              0,
              [
                1,
                2
              ],
              19
            ]
          },
          {
            "x": 449,
            "y": 715.3333320617676,
            "type": null,
            "payload": [
              0,
              [
                2,
                3
              ],
              11
            ]
          },
          {
            "x": 453,
            "y": 381.3333320617676,
            "type": null,
            "payload": [
              0,
              [
                3,
                4
              ],
              13
            ]
          },
          {
            "x": 510,
            "y": 574.3333320617676,
            "type": null,
            "payload": [
              0,
              [
                4,
                5
              ],
              8
            ]
          },
          {
            "x": 492,
            "y": 389.3333320617676,
            "type": null,
            "payload": [
              0,
              [
                5,
                6
              ],
              10
            ]
          },
          {
            "x": 480,
            "y": 339.3333320617676,
            "type": null,
            "payload": [
              0,
              [
                6,
                7
              ],
              12
            ]
          },
          {
            "x": 447,
            "y": 265.3333320617676,
            "type": null,
            "payload": [
              0,
              [
                7,
                8
              ],
              14
            ]
          },
          {
            "x": 331,
            "y": 389.3333320617676,
            "type": null,
            "payload": [
              0,
              [
                8,
                9
              ],
              17
            ]
          }
        ],
        "type": null
      },
      "LC": {
        "linesArray": [
          {
            "p1": {
              "x": 230,
              "y": 170.33333206176758,
              "type": null,
              "payload": [
                0,
                [
                  9,
                  0
                ],
                18
              ]
            },
            "p2": {
              "x": 140,
              "y": 437.3333320617676,
              "type": null,
              "payload": [
                0,
                [
                  0,
                  1
                ],
                20
              ]
            }
          },
          {
            "p1": {
              "x": 140,
              "y": 437.3333320617676,
              "type": null,
              "payload": [
                0,
                [
                  0,
                  1
                ],
                20
              ]
            },
            "p2": {
              "x": 245,
              "y": 655.3333320617676,
              "type": null,
              "payload": [
                0,
                [
                  1,
                  2
                ],
                19
              ]
            }
          },
          {
            "p1": {
              "x": 245,
              "y": 655.3333320617676,
              "type": null,
              "payload": [
                0,
                [
                  1,
                  2
                ],
                19
              ]
            },
            "p2": {
              "x": 449,
              "y": 715.3333320617676,
              "type": null,
              "payload": [
                0,
                [
                  2,
                  3
                ],
                11
              ]
            }
          },
          {
            "p1": {
              "x": 449,
              "y": 715.3333320617676,
              "type": null,
              "payload": [
                0,
                [
                  2,
                  3
                ],
                11
              ]
            },
            "p2": {
              "x": 453,
              "y": 381.3333320617676,
              "type": null,
              "payload": [
                0,
                [
                  3,
                  4
                ],
                13
              ]
            }
          },
          {
            "p1": {
              "x": 453,
              "y": 381.3333320617676,
              "type": null,
              "payload": [
                0,
                [
                  3,
                  4
                ],
                13
              ]
            },
            "p2": {
              "x": 510,
              "y": 574.3333320617676,
              "type": null,
              "payload": [
                0,
                [
                  4,
                  5
                ],
                8
              ]
            }
          },
          {
            "p1": {
              "x": 510,
              "y": 574.3333320617676,
              "type": null,
              "payload": [
                0,
                [
                  4,
                  5
                ],
                8
              ]
            },
            "p2": {
              "x": 492,
              "y": 389.3333320617676,
              "type": null,
              "payload": [
                0,
                [
                  5,
                  6
                ],
                10
              ]
            }
          },
          {
            "p1": {
              "x": 492,
              "y": 389.3333320617676,
              "type": null,
              "payload": [
                0,
                [
                  5,
                  6
                ],
                10
              ]
            },
            "p2": {
              "x": 480,
              "y": 339.3333320617676,
              "type": null,
              "payload": [
                0,
                [
                  6,
                  7
                ],
                12
              ]
            }
          },
          {
            "p1": {
              "x": 480,
              "y": 339.3333320617676,
              "type": null,
              "payload": [
                0,
                [
                  6,
                  7
                ],
                12
              ]
            },
            "p2": {
              "x": 447,
              "y": 265.3333320617676,
              "type": null,
              "payload": [
                0,
                [
                  7,
                  8
                ],
                14
              ]
            }
          },
          {
            "p1": {
              "x": 447,
              "y": 265.3333320617676,
              "type": null,
              "payload": [
                0,
                [
                  7,
                  8
                ],
                14
              ]
            },
            "p2": {
              "x": 331,
              "y": 389.3333320617676,
              "type": null,
              "payload": [
                0,
                [
                  8,
                  9
                ],
                17
              ]
            }
          },
          {
            "p1": {
              "x": 331,
              "y": 389.3333320617676,
              "type": null,
              "payload": [
                0,
                [
                  8,
                  9
                ],
                17
              ]
            },
            "p2": {
              "x": 230,
              "y": 170.33333206176758,
              "type": null,
              "payload": [
                0,
                [
                  9,
                  0
                ],
                18
              ]
            }
          }
        ]
      },
      "type": null,
      "index": 0,
      "tmp": [
        0,
        [
          8,
          0
        ],
        8
      ]
    },
    {
      "PC": {
        "pointsArray": [],
        "type": null
      },
      "LC": {
        "linesArray": []
      },
      "type": null,
      "index": 1
    },
    {
      "PC": {
        "pointsArray": [
          {
            "x": 865,
            "y": 120.33333206176758,
            "type": null,
            "payload": [
              2,
              [
                4,
                0
              ],
              5
            ]
          },
          {
            "x": 725,
            "y": 304.3333320617676,
            "type": null,
            "payload": [
              2,
              [
                0,
                1
              ],
              7
            ]
          },
          {
            "x": 908,
            "y": 657.3333320617676,
            "type": null,
            "payload": [
              2,
              [
                1,
                2
              ],
              1
            ]
          },
          {
            "x": 967,
            "y": 321.3333320617676,
            "type": null,
            "payload": [
              2,
              [
                2,
                3
              ],
              3
            ]
          },
          {
            "x": 857,
            "y": 314.3333320617676,
            "type": null,
            "payload": [
              2,
              [
                3,
                4
              ],
              4
            ]
          }
        ],
        "type": null
      },
      "LC": {
        "linesArray": [
          {
            "p1": {
              "x": 865,
              "y": 120.33333206176758,
              "type": null,
              "payload": [
                2,
                [
                  4,
                  0
                ],
                5
              ]
            },
            "p2": {
              "x": 725,
              "y": 304.3333320617676,
              "type": null,
              "payload": [
                2,
                [
                  0,
                  1
                ],
                7
              ]
            }
          },
          {
            "p1": {
              "x": 725,
              "y": 304.3333320617676,
              "type": null,
              "payload": [
                2,
                [
                  0,
                  1
                ],
                7
              ]
            },
            "p2": {
              "x": 908,
              "y": 657.3333320617676,
              "type": null,
              "payload": [
                2,
                [
                  1,
                  2
                ],
                1
              ]
            }
          },
          {
            "p1": {
              "x": 908,
              "y": 657.3333320617676,
              "type": null,
              "payload": [
                2,
                [
                  1,
                  2
                ],
                1
              ]
            },
            "p2": {
              "x": 967,
              "y": 321.3333320617676,
              "type": null,
              "payload": [
                2,
                [
                  2,
                  3
                ],
                3
              ]
            }
          },
          {
            "p1": {
              "x": 967,
              "y": 321.3333320617676,
              "type": null,
              "payload": [
                2,
                [
                  2,
                  3
                ],
                3
              ]
            },
            "p2": {
              "x": 857,
              "y": 314.3333320617676,
              "type": null,
              "payload": [
                2,
                [
                  3,
                  4
                ],
                4
              ]
            }
          },
          {
            "p1": {
              "x": 857,
              "y": 314.3333320617676,
              "type": null,
              "payload": [
                2,
                [
                  3,
                  4
                ],
                4
              ]
            },
            "p2": {
              "x": 865,
              "y": 120.33333206176758,
              "type": null,
              "payload": [
                2,
                [
                  4,
                  0
                ],
                5
              ]
            }
          }
        ]
      },
      "type": null,
      "index": 2,
      "tmp": [
        2,
        [
          3,
          0
        ],
        0
      ]
    },
    {
      "PC": {
        "pointsArray": [
          {
            "x": 689,
            "y": 702.3333320617676,
            "type": null,
            "payload": [
              3,
              [
                2,
                0
              ],
              2
            ]
          },
          {
            "x": 503,
            "y": 843.3333320617676,
            "type": null,
            "payload": [
              3,
              [
                0,
                1
              ],
              6
            ]
          },
          {
            "x": 844,
            "y": 878.3333320617676,
            "type": null,
            "payload": [
              3,
              [
                1,
                2
              ],
              0
            ]
          }
        ],
        "type": null
      },
      "LC": {
        "linesArray": [
          {
            "p1": {
              "x": 689,
              "y": 702.3333320617676,
              "type": null,
              "payload": [
                3,
                [
                  2,
                  0
                ],
                2
              ]
            },
            "p2": {
              "x": 503,
              "y": 843.3333320617676,
              "type": null,
              "payload": [
                3,
                [
                  0,
                  1
                ],
                6
              ]
            }
          },
          {
            "p1": {
              "x": 503,
              "y": 843.3333320617676,
              "type": null,
              "payload": [
                3,
                [
                  0,
                  1
                ],
                6
              ]
            },
            "p2": {
              "x": 844,
              "y": 878.3333320617676,
              "type": null,
              "payload": [
                3,
                [
                  1,
                  2
                ],
                0
              ]
            }
          },
          {
            "p1": {
              "x": 844,
              "y": 878.3333320617676,
              "type": null,
              "payload": [
                3,
                [
                  1,
                  2
                ],
                0
              ]
            },
            "p2": {
              "x": 689,
              "y": 702.3333320617676,
              "type": null,
              "payload": [
                3,
                [
                  2,
                  0
                ],
                2
              ]
            }
          }
        ]
      },
      "type": null,
      "index": 3,
      "tmp": [
        3,
        [
          1,
          0
        ],
        10
      ]
    },
    {
      "PC": {
        "pointsArray": [
          {
            "x": 449,
            "y": 206,
            "type": null,
            "payload": [
              4,
              [
                2,
                0
              ],
              15
            ]
          },
          {
            "x": 563,
            "y": 156,
            "type": null,
            "payload": [
              4,
              [
                0,
                1
              ],
              9
            ]
          },
          {
            "x": 356,
            "y": 86,
            "type": null,
            "payload": [
              4,
              [
                1,
                2
              ],
              16
            ]
          }
        ],
        "type": null
      },
      "LC": {
        "linesArray": [
          {
            "p1": {
              "x": 449,
              "y": 206,
              "type": null,
              "payload": [
                4,
                [
                  2,
                  0
                ],
                15
              ]
            },
            "p2": {
              "x": 563,
              "y": 156,
              "type": null,
              "payload": [
                4,
                [
                  0,
                  1
                ],
                9
              ]
            }
          },
          {
            "p1": {
              "x": 563,
              "y": 156,
              "type": null,
              "payload": [
                4,
                [
                  0,
                  1
                ],
                9
              ]
            },
            "p2": {
              "x": 356,
              "y": 86,
              "type": null,
              "payload": [
                4,
                [
                  1,
                  2
                ],
                16
              ]
            }
          },
          {
            "p1": {
              "x": 356,
              "y": 86,
              "type": null,
              "payload": [
                4,
                [
                  1,
                  2
                ],
                16
              ]
            },
            "p2": {
              "x": 449,
              "y": 206,
              "type": null,
              "payload": [
                4,
                [
                  2,
                  0
                ],
                15
              ]
            }
          }
        ]
      },
      "type": null,
      "index": 4,
      "tmp": [
        4,
        [
          1,
          0
        ],
        13
      ]
    }
  ]
}
