{
  "PC": [],
  "LC": [],
  "addedPC": [
    {
      "pointsArray": [
        {
          "x": 411,
          "y": 171,
          "type": "po"
        },
        {
          "x": 219,
          "y": 313,
          "type": "pr"
        },
        {
          "x": 183,
          "y": 477,
          "type": "pr"
        },
        {
          "x": 325,
          "y": 609,
          "type": "pr"
        },
        {
          "x": 386,
          "y": 671,
          "type": "pr"
        },
        {
          "x": 323,
          "y": 764,
          "type": "pr"
        },
        {
          "x": 261,
          "y": 843,
          "type": "pr"
        },
        {
          "x": 276,
          "y": 908,
          "type": "pr"
        },
        {
          "x": 337,
          "y": 951,
          "type": "pr"
        },
        {
          "x": 371,
          "y": 954,
          "type": "pr"
        },
        {
          "x": 427,
          "y": 963,
          "type": "ko"
        }
      ],
      "type": "monotonic"
    }
  ],
  "addedLC": []
}
