{
  "PC": [],
  "LC": [],
  "addedPC": [
    {
      "pointsArray": [
        {
          "x": 610,
          "y": 231,
          "type": "pr"
        },
        {
          "x": 408,
          "y": 213,
          "type": "po"
        },
        {
          "x": 272,
          "y": 299,
          "type": "pr"
        },
        {
          "x": 352,
          "y": 337,
          "type": "pr"
        },
        {
          "x": 449,
          "y": 362,
          "type": "pr"
        },
        {
          "x": 505,
          "y": 385,
          "type": "pr"
        },
        {
          "x": 513,
          "y": 413,
          "type": "pr"
        },
        {
          "x": 445,
          "y": 443,
          "type": "pr"
        },
        {
          "x": 336,
          "y": 483,
          "type": "pr"
        },
        {
          "x": 293,
          "y": 535,
          "type": "pr"
        },
        {
          "x": 317,
          "y": 581,
          "type": "pr"
        },
        {
          "x": 386,
          "y": 613,
          "type": "pr"
        },
        {
          "x": 472,
          "y": 623,
          "type": "pr"
        },
        {
          "x": 528,
          "y": 666,
          "type": "pr"
        },
        {
          "x": 510,
          "y": 711,
          "type": "pr"
        },
        {
          "x": 418,
          "y": 750,
          "type": "pr"
        },
        {
          "x": 332,
          "y": 802,
          "type": "pr"
        },
        {
          "x": 326,
          "y": 867,
          "type": "pr"
        },
        {
          "x": 376,
          "y": 931,
          "type": "pr"
        },
        {
          "x": 492,
          "y": 942,
          "type": "ko"
        },
        {
          "x": 632,
          "y": 910,
          "type": "pr"
        },
        {
          "x": 678,
          "y": 861,
          "type": "pr"
        },
        {
          "x": 732,
          "y": 775,
          "type": "pr"
        },
        {
          "x": 764,
          "y": 641,
          "type": "pr"
        },
        {
          "x": 770,
          "y": 522,
          "type": "pr"
        }
      ],
      "type": "monotonic"
    }
  ],
  "addedLC": []
}
