{
  "PC": [],
  "LC": [],
  "addedPC": [
    {
      "pointsArray": [
        {
          "x": 584,
          "y": 938,
          "type": "ko"
        },
        {
          "x": 841,
          "y": 752,
          "type": "pr"
        },
        {
          "x": 680,
          "y": 718,
          "type": "pr"
        },
        {
          "x": 880,
          "y": 691,
          "type": "pr"
        },
        {
          "x": 642,
          "y": 624,
          "type": "pr"
        },
        {
          "x": 887,
          "y": 578,
          "type": "pr"
        },
        {
          "x": 734,
          "y": 518,
          "type": "pr"
        },
        {
          "x": 898,
          "y": 494,
          "type": "pr"
        },
        {
          "x": 634,
          "y": 372,
          "type": "po"
        }
      ],
      "type": "monotonic"
    },
    {
      "pointsArray": [
        {
          "x": 407,
          "y": 344,
          "type": "po"
        },
        {
          "x": 138,
          "y": 410,
          "type": "pr"
        },
        {
          "x": 298,
          "y": 460,
          "type": "pr"
        },
        {
          "x": 117,
          "y": 534,
          "type": "pr"
        },
        {
          "x": 332,
          "y": 577,
          "type": "pr"
        },
        {
          "x": 129,
          "y": 652,
          "type": "pr"
        },
        {
          "x": 225,
          "y": 660,
          "type": "pr"
        },
        {
          "x": 130,
          "y": 711,
          "type": "pr"
        },
        {
          "x": 316,
          "y": 806,
          "type": "ko"
        }
      ],
      "type": "monotonic"
    }
  ],
  "addedLC": []
}
