{
  "PC": [],
  "LC": [],
  "addedPC": [
    {
      "pointsArray": [
        {
          "x": 525,
          "y": 766,
          "type": null
        },
        {
          "x": 724,
          "y": 895,
          "type": null
        },
        {
          "x": 850,
          "y": 705,
          "type": null
        },
        {
          "x": 705,
          "y": 757,
          "type": null
        },
        {
          "x": 833,
          "y": 333,
          "type": null
        },
        {
          "x": 628,
          "y": 169,
          "type": null
        },
        {
          "x": 533,
          "y": 294,
          "type": null
        },
        {
          "x": 376,
          "y": 199,
          "type": null
        },
        {
          "x": 197,
          "y": 327,
          "type": null
        },
        {
          "x": 333,
          "y": 487,
          "type": null
        },
        {
          "x": 454,
          "y": 430,
          "type": null
        },
        {
          "x": 354,
          "y": 397,
          "type": null
        },
        {
          "x": 521,
          "y": 359,
          "type": null
        },
        {
          "x": 582,
          "y": 537,
          "type": null
        },
        {
          "x": 316,
          "y": 603,
          "type": null
        },
        {
          "x": 221,
          "y": 502,
          "type": null
        },
        {
          "x": 185,
          "y": 694,
          "type": null
        },
        {
          "x": 352,
          "y": 887,
          "type": null
        }
      ]
    }
  ],
  "addedLC": []
}
