{
  "PC": [],
  "LC": [],
  "addedPC": [
    {
      "pointsArray": [
        {
          "x": 541,
          "y": 227,
          "type": "po"
        },
        {
          "x": 344,
          "y": 242,
          "type": "pr"
        },
        {
          "x": 143,
          "y": 337,
          "type": "pr"
        },
        {
          "x": 241,
          "y": 569,
          "type": "pr"
        },
        {
          "x": 493,
          "y": 595,
          "type": "pr"
        },
        {
          "x": 519,
          "y": 746,
          "type": "pr"
        },
        {
          "x": 319,
          "y": 850,
          "type": "pr"
        },
        {
          "x": 459,
          "y": 943,
          "type": "ko"
        },
        {
          "x": 671,
          "y": 935,
          "type": "pr"
        },
        {
          "x": 799,
          "y": 895,
          "type": "pr"
        },
        {
          "x": 899,
          "y": 662,
          "type": "pr"
        },
        {
          "x": 831,
          "y": 389,
          "type": "pr"
        }
      ],
      "type": "monotonic"
    }
  ],
  "addedLC": []
}
