{
  "PC": [],
  "LC": [],
  "addedPC": [],
  "addedLC": [
    {
      "linesArray": [
        {
          "p1": {
            "x": 184,
            "y": 284,
            "type": null
          },
          "p2": {
            "x": 877,
            "y": 705,
            "type": null
          }
        },
        {
          "p1": {
            "x": 135,
            "y": 732,
            "type": null
          },
          "p2": {
            "x": 875,
            "y": 313,
            "type": null
          }
        },
        {
          "p1": {
            "x": 227,
            "y": 503,
            "type": null
          },
          "p2": {
            "x": 259,
            "y": 447,
            "type": null
          }
        },
        {
          "p1": {
            "x": 337,
            "y": 458,
            "type": null
          },
          "p2": {
            "x": 399,
            "y": 520,
            "type": null
          }
        },
        {
          "p1": {
            "x": 600,
            "y": 677,
            "type": null
          },
          "p2": {
            "x": 626,
            "y": 149,
            "type": null
          }
        },
        {
          "p1": {
            "x": 752,
            "y": 163,
            "type": null
          },
          "p2": {
            "x": 738,
            "y": 841,
            "type": null
          }
        }
      ],
      "lineFirstPoint": {
        "x": 752,
        "y": 163,
        "type": null
      }
    }
  ]
}
