{
  "PC": [],
  "LC": [],
  "addedPC": [
    {
      "pointsArray": [
        {
          "x": 608,
          "y": 153,
          "type": "po"
        },
        {
          "x": 286,
          "y": 377,
          "type": "pr"
        },
        {
          "x": 551,
          "y": 387,
          "type": "pr"
        },
        {
          "x": 330,
          "y": 554,
          "type": "pr"
        },
        {
          "x": 587,
          "y": 595,
          "type": "ko"
        }
      ],
      "type": "monotonic"
    }
  ],
  "addedLC": []
}
